{
  "TSP|instancias/tsp_KROAB100.TSP.TXT|SPEA": [
    20.139458417892456,
    23.814598083496094,
    19.809073209762573,
    22.20550847053528,
    19.100674390792847
  ],
  "TSP|instancias/tsp_KROAB100.TSP.TXT|NSGA": [
    18.26045846939087,
    18.416420698165894,
    18.202110290527344,
    18.420817852020264,
    17.309240102767944
  ],
  "TSP|instancias/tsp_kroac100.tsp.txt|SPEA": [
    22.769419193267822,
    22.031485319137573,
    23.917895793914795,
    28.026469230651855,
    22.775230407714844
  ],
  "TSP|instancias/tsp_kroac100.tsp.txt|NSGA": [
    18.473491191864014,
    22.40128207206726,
    22.932018995285034,
    21.93044900894165,
    18.118519067764282
  ]
}