{
  "TSP|instancias/tsp_KROAB100.TSP.TXT|SPEA": {
    "Spacing_avg": 0.0,
    "Generational_Distance_avg": 54599.33438513447,
    "M3_Convergencia_Promedio_avg": 180219.24684312058,
    "Error_Ratio_avg": 0.0,
    "Tiempo_Promedio_s": 31.190392017364502
  },
  "TSP|instancias/tsp_KROAB100.TSP.TXT|NSGA": {
    "Spacing_avg": 1100.9514415968683,
    "Generational_Distance_avg": 410.043584052781,
    "M3_Convergencia_Promedio_avg": 2503.121408186314,
    "Error_Ratio_avg": 12.397163120567376,
    "Tiempo_Promedio_s": 23.958585023880005
  },
  "TSP|instancias/tsp_kroac100.tsp.txt|SPEA": {
    "Spacing_avg": 0.0,
    "Generational_Distance_avg": 22381.260587009903,
    "M3_Convergencia_Promedio_avg": 173364.4827530097,
    "Error_Ratio_avg": 0.0,
    "Tiempo_Promedio_s": 31.10755352973938
  },
  "TSP|instancias/tsp_kroac100.tsp.txt|NSGA": {
    "Spacing_avg": 1467.4797518041833,
    "Generational_Distance_avg": 505.1778937977613,
    "M3_Convergencia_Promedio_avg": 2663.078310369833,
    "Error_Ratio_avg": 25.818840579710145,
    "Tiempo_Promedio_s": 24.062744665145875
  }
}