{
  "TSP|instancias/tsp_KROAB100.TSP.TXT|SPEA": [
    28.09528088569641,
    34.710588693618774,
    28.574512720108032,
    32.68495416641235,
    31.88662362098694
  ],
  "TSP|instancias/tsp_KROAB100.TSP.TXT|NSGA": [
    23.74668526649475,
    24.696467876434326,
    23.18579626083374,
    23.671481609344482,
    24.492494106292725
  ],
  "TSP|instancias/tsp_kroac100.tsp.txt|SPEA": [
    32.778663635253906,
    33.20345497131348,
    32.71523427963257,
    27.639337062835693,
    29.201077699661255
  ],
  "TSP|instancias/tsp_kroac100.tsp.txt|NSGA": [
    23.45144033432007,
    25.013401746749878,
    23.530997276306152,
    24.55396604537964,
    23.763917922973633
  ]
}