{
  "TSP|instancias/tsp_KROAB100.TSP.TXT|SPEA": [
    28.76925277709961,
    31.88589119911194,
    30.50257182121277,
    28.49210286140442,
    27.32449984550476
  ],
  "TSP|instancias/tsp_KROAB100.TSP.TXT|NSGA": [
    12.455467462539673,
    12.404390811920166,
    12.358782052993774,
    12.822271823883057,
    12.666672468185425
  ],
  "TSP|instancias/tsp_kroac100.tsp.txt|SPEA": [
    30.399372339248657,
    32.350579500198364,
    33.79626536369324,
    33.517935037612915,
    32.58885669708252
  ],
  "TSP|instancias/tsp_kroac100.tsp.txt|NSGA": [
    13.57614278793335,
    15.628545761108398,
    13.017003536224365,
    12.642087697982788,
    13.618174076080322
  ]
}