{
  "TSP|instancias/tsp_KROAB100.TSP.TXT|SPEA": [
    29.285286903381348,
    33.60109233856201,
    26.703330278396606,
    23.971831560134888,
    31.660724401474
  ],
  "TSP|instancias/tsp_KROAB100.TSP.TXT|NSGA": [
    25.55279016494751,
    28.405925273895264,
    23.559288024902344,
    24.2018301486969,
    24.285778045654297
  ],
  "TSP|instancias/tsp_kroac100.tsp.txt|SPEA": [
    28.306919813156128,
    28.471130847930908,
    30.208826065063477,
    31.01676630973816,
    29.280092239379883
  ],
  "TSP|instancias/tsp_kroac100.tsp.txt|NSGA": [
    24.51101303100586,
    25.23073124885559,
    25.30062174797058,
    24.23275852203369,
    26.523067712783813
  ]
}